-- phpMyAdmin SQL Dump
-- version 4.6.4
-- https://www.phpmyadmin.net/
--
-- Host: localhost
-- Generation Time: Oct 02, 2019 at 09:21 PM
-- Server version: 5.7.27-0ubuntu0.16.04.1
-- PHP Version: 7.2.21-1+ubuntu16.04.1+deb.sury.org+1

SET SQL_MODE = "NO_AUTO_VALUE_ON_ZERO";
SET time_zone = "+00:00";


/*!40101 SET @OLD_CHARACTER_SET_CLIENT=@@CHARACTER_SET_CLIENT */;
/*!40101 SET @OLD_CHARACTER_SET_RESULTS=@@CHARACTER_SET_RESULTS */;
/*!40101 SET @OLD_COLLATION_CONNECTION=@@COLLATION_CONNECTION */;
/*!40101 SET NAMES utf8mb4 */;

--
-- Database: `radiophoenix`
--

-- --------------------------------------------------------

--
-- Table structure for table `category`
--

CREATE TABLE `category` (
  `id` int(11) NOT NULL,
  `parent_id` int(11) DEFAULT NULL,
  `name` varchar(255) COLLATE utf8mb4_unicode_ci NOT NULL,
  `hidden` tinyint(1) NOT NULL
) ENGINE=InnoDB DEFAULT CHARSET=utf8mb4 COLLATE=utf8mb4_unicode_ci;

--
-- Dumping data for table `category`
--

INSERT INTO `category` (`id`, `parent_id`, `name`, `hidden`) VALUES
(1, NULL, 'Algemeen', 0),
(2, NULL, 'Intercorporaal Songfestival', 0),
(3, 2, 'ICSF2010', 0),
(4, 2, 'ICSF2011', 0),
(5, 2, 'ICSF2012', 0),
(6, 2, 'ICSF2013', 0),
(7, 2, 'ICSF2014', 0),
(8, NULL, 'Amsterdam', 0),
(9, 8, 'Apocalyps', 0),
(10, 8, 'BEVER Lustrum 2015 - FOCUS', 0),
(11, 8, 'HERA Lustrum 2015', 0),
(12, 8, 'KARAAT Lustrum 2015', 0),
(13, 8, 'MARNIX Lustrum 2016', 0),
(14, 8, 'ODOLEH Lustrum 2015', 0),
(15, 8, 'VESTA Lustrum 2017', 0),
(16, NULL, 'Delft', 0),
(17, 16, 'KMT', 0),
(18, 16, 'Laga - 28e Lustrum - 2016', 0),
(19, 16, 'Lustrum - 1983 - Vakwerk', 0),
(20, 16, 'Lustrum - 1988 - Impuls', 0),
(21, 16, 'Lustrum - 1993 - Koppel', 0),
(22, 16, 'Lustrum - 1998 - Extreem', 0),
(23, 16, 'Lustrum - 2003 - IJzersterk', 0),
(24, 16, 'Lustrum - 2008 - Contact', 0),
(25, 16, 'Lustrum - 2013 - Vermogen', 0),
(26, 16, 'Lustrum - 2018 - Katalyse', 0),
(27, 16, 'Ouwe Schoen - Lustrum - 2014', 0),
(28, 16, 'Owee', 0),
(29, 16, 'Societeits Lustrum', 0),
(30, 16, 'VP', 0),
(31, 16, 'Vreemde Zaken (10 jaar GroenenTooneel)', 0),
(32, NULL, 'Groningen', 0),
(33, 32, 'Foetencabaret Vindicat 2003', 0),
(34, 32, 'Foetencabaret Vindicat 2011', 0),
(35, 32, 'Foetencabaret Vindicat 2012', 0),
(36, 32, 'Foetencabaret Vindicat 2013', 0),
(37, 32, 'Foetencabaret Vindicat 2014', 0),
(38, 32, 'Foetencabaret Vindicat 2015', 0),
(39, 32, 'Foetencabaret Vindicat 2016', 0),
(40, 32, 'Foetenmusical 94-97', 0),
(41, 32, 'Lustrum - 2010 - Boventoon', 0),
(42, 32, 'Lustrum - 2015', 0),
(43, NULL, 'Leiden', 0),
(44, 43, 'Cabaret - Laat je zoon studeren', 0),
(45, 43, 'Knorreboefjes', 0),
(46, 43, 'Lustrum CD 2014', 0),
(47, 43, 'Nootweer musical 2015', 0),
(48, NULL, 'Rotterdam', 0),
(49, 48, 'Eurekaweek 2017', 0),
(50, 48, 'Lustrum CD 2014', 0),
(51, 48, 'Lustrum CD RSC 1993', 0),
(52, 48, 'Lustrum CD RSC 2003', 0),
(53, 48, 'Lustrum CD RSC 2008', 0),
(54, 48, 'Lustrum RVSV 2016 - Contrast', 0),
(55, NULL, 'Utrecht', 0),
(56, 55, 'CC Lustrum - 2011 - Blauwkoorts', 0),
(57, 55, 'Creme Passionelle', 0),
(58, 55, 'Fruits de Mere', 0),
(59, 55, 'Lustrum - 2011 - Odysseus', 0),
(60, 55, 'UVSV', 0),
(61, 60, 'Jaar 12', 0),
(62, 60, 'Jaar 13', 0),
(63, 60, 'Jaar 14', 0),
(64, 60, 'Jaar 15', 0),
(65, 60, 'Jaar 16', 0),
(66, 60, 'Lustrum - 2014 - Spectrum', 0),
(67, NULL, 'Wageningen', 0),
(68, 67, 'Lustrum - 2013 - Allicht -  Volumiere', 0),
(69, 67, 'Muzico', 0),
(70, 16, 'Club 2 CD', 0),
(71, NULL, 'Knorren', 0),
(72, 71, 'Virgiel', 0),
(73, 72, 'Lustrum 2019 24 4de Dimensie', 0),
(74, 43, 'F A T - Musicalcommissie 2019', 0),
(76, 75, 'Lustrum 22 CD', 0),
(77, 72, 'Lustrum 2014 23', 0);

-- --------------------------------------------------------

--
-- Table structure for table `migration_versions`
--

CREATE TABLE `migration_versions` (
  `version` varchar(14) COLLATE utf8mb4_unicode_ci NOT NULL,
  `executed_at` datetime NOT NULL COMMENT '(DC2Type:datetime_immutable)'
) ENGINE=InnoDB DEFAULT CHARSET=utf8mb4 COLLATE=utf8mb4_unicode_ci;

--
-- Dumping data for table `migration_versions`
--

INSERT INTO `migration_versions` (`version`, `executed_at`) VALUES
('20190608125336', '2019-06-09 07:59:02'),
('20190608165812', '2019-06-09 07:59:02'),
('20190608165921', '2019-06-09 07:59:02'),
('20190608170551', '2019-06-09 07:59:02'),
('20190608172447', '2019-06-09 07:59:02'),
('20190822105857', '2019-08-22 11:01:15');

-- --------------------------------------------------------

--
-- Table structure for table `song`
--

CREATE TABLE `song` (
  `id` int(11) NOT NULL,
  `category_id` int(11) NOT NULL,
  `name` varchar(255) COLLATE utf8mb4_unicode_ci NOT NULL,
  `legacy_id` int(11) DEFAULT NULL,
  `times_played` int(11) DEFAULT NULL,
  `file` varchar(255) COLLATE utf8mb4_unicode_ci NOT NULL,
  `hidden` tinyint(1) NOT NULL
) ENGINE=InnoDB DEFAULT CHARSET=utf8mb4 COLLATE=utf8mb4_unicode_ci;

--
-- Dumping data for table `song`
--

INSERT INTO `song` (`id`, `category_id`, `name`, `legacy_id`, `times_played`, `file`, `hidden`) VALUES
(1, 1, 'Io Vivat', 1, 6392, '1.mp3', 0),
(2, 1, 'Quattro Qampione - Louis van Gaal', 705, 1316, '705.mp3', 0),
(3, 1, 'Lustrumlied - XIIIe Lustrum S.P.H.I.N.X.', 710, 2113, '710.mp3', 0),
(4, 3, '01 Gold n Blues - Voer de Boventoon', 638, 2485, '638.mp3', 0),
(5, 3, '02 LUST - Avondrood', 639, 693, '639.mp3', 0),
(6, 3, '03 Phoenix Funk Foundation - Je Bent Haar Kwijt', 640, 1015, '640.mp3', 0),
(7, 3, '04 Pejamas - Beter Alleen', 641, 579, '641.mp3', 0),
(8, 3, '05 Metrolijn B. - Net als Vroeger', 642, 574, '642.mp3', 0),
(9, 3, '06 U.S.C - Ze Hoort Bij Mij', 643, 1052, '643.mp3', 0),
(10, 3, '07 LST - Chatroulette', 644, 593, '644.mp3', 0),
(11, 3, '08 Big Brown Leroy and the Shakers - Laat je Gaan', 645, 369, '645.mp3', 0),
(12, 3, '09 Forsche Schaapen - Fors Geschapen', 646, 760, '646.mp3', 0),
(13, 4, 'Het Amsterdamgevoel 2.2', 647, 1445, '647.mp3', 0),
(14, 4, 'Leiden Centraal', 648, 1051, '648.mp3', 0),
(15, 4, 'Wie dan ook', 649, 635, '649.mp3', 0),
(16, 4, 'Wat ik je wilde laten weten', 650, 729, '650.mp3', 0),
(17, 4, 'Wageningen (Funked Up) - De Beat Van Het Bestaan', 651, 584, '651.mp3', 0),
(18, 5, 'Apocalyps', 652, 1705, '652.mp3', 0),
(19, 5, 'Groningen (Vap Vibrations) -', 653, 1476, '653.mp3', 0),
(20, 5, 'Chillheid', 654, 4651, '654.mp3', 0),
(21, 5, 'USC (Old Boys Network) - He Ga Je Mee', 655, 2208, '655.mp3', 0),
(22, 5, 'UVSV (Vrouwelijke Aangelegenheid - The Voices) -  Aan de Zijlijn', 656, 1054, '656.mp3', 0),
(23, 5, 'Wageningen (Lekker Belangrijk) - Het Maakt Niet Uit', 657, 646, '657.mp3', 0),
(24, 6, 'Amsterdam - Avondlid', 658, 7487, '658.mp3', 0),
(25, 6, 'Delft - Ga Je Mee', 659, 2470, '659.mp3', 0),
(26, 6, 'Groningen - Daar Gaat Een Man', 660, 2284, '660.mp3', 0),
(27, 6, 'Minerva - Snerpend hert', 661, 9048, '661.mp3', 0),
(28, 6, 'USC - Hey Meisje', 662, 18407, '662.mp3', 0),
(29, 6, 'UVSV - Oh My God', 663, 5464, '663.mp3', 0),
(30, 6, 'Wageningen - Allicht', 664, 896, '664.mp3', 0),
(31, 7, 'Leiden - 1 Avond', 1000, 209, '1000.mp3', 0),
(32, 7, 'Utrecht (USC) - Door jou', 1001, 325, '1001.mp3', 0),
(33, 7, 'Utrecht (UVSV) - Spectrum In Ons Hart', 1002, 443, '1002.mp3', 0),
(34, 7, 'Wageningen - Daten is Weten', 1003, 328, '1003.mp3', 0),
(35, 7, 'Amsterdam - Alleen is maar alleen', 998, 411, '998.mp3', 0),
(36, 7, 'Groningen - t Pandje Een Nieuw Bestaan', 999, 201, '999.mp3', 0),
(37, 8, 'Almanak 2017 ASC-AVSV', 1022, 2054, '1022.mp3', 0),
(38, 8, 'Jij Bent Vo - 187ste Almanak', 1023, 4577, '1023.mp3', 0),
(39, 8, 'NIA Galactnia 2017 - Hemel en aarde', 1027, 1345, '1027.mp3', 0),
(40, 8, 'Diep In De Nacht - KMT 1989 - ASCAVSV', 1104, 82, '1104.mp3', 0),
(41, 8, 'Bravo dat jij lid bent', 2, 6448, '2.mp3', 0),
(42, 8, '182ste Almanak uitreiking ASC-AVSV', 364, 71676, '364.mp3', 0),
(43, 8, 'Meneer de Praeses', 365, 18985, '365.mp3', 0),
(44, 8, 'Tranendal', 3, 3161, '3.mp3', 0),
(45, 8, 'Almanaklied 2013 ASC-AVSV', 438, 5019, '438.mp3', 0),
(46, 8, '120 kilo', 463, 21133, '463.mp3', 0),
(47, 8, 'Puur', 4, 1514, '4.mp3', 0),
(48, 8, 'Dan Maar Anaal', 669, 26127, '669.mp3', 0),
(49, 8, 'NIA Frodisiac - Luna Michel', 670, 1284, '670.mp3', 0),
(50, 8, 'NIA Multima - Niaweek 2011', 671, 1385, '671.mp3', 0),
(51, 8, 'Almanak 2014 - Ik Raak je Nooit Meer Kwijt', 673, 5228, '673.mp3', 0),
(52, 8, 'Nostalgie - societeitslustrum 2014', 674, 6728, '674.mp3', 0),
(53, 8, 'Matta Haze - Wij Doen Ons', 704, 1298, '704.mp3', 0),
(54, 8, 'Mambo Societeit - IVe Societeitslustrum societeit N.I.A.', 706, 2338, '706.mp3', 0),
(55, 8, 'Stichting M.O.E.T. - Wij zijn het corps', 707, 2731, '707.mp3', 0),
(56, 8, 'VIIe Lustrum FIORE', 708, 1727, '708.mp3', 0),
(57, 8, 'Vanavond van ons - Societeitslustrum 2014', 709, 44040, '709.mp3', 0),
(58, 8, 'Ellis Emanuel - Pinot maakt het verschil', 786, 4251, '786.mp3', 0),
(59, 8, '185ste Almanak uitreiking ASC-AVSV - Hey Gasteee', 788, 5719, '788.mp3', 0),
(60, 8, '185ste Almanak uitreiking ASC-AVSV - Moeilijk_doen', 789, 2341, '789.mp3', 0),
(61, 8, 'Tyche - Heuj Tyche Lustrum', 818, 1662, '818.mp3', 0),
(62, 8, 'Tyche - Ons Leven Als Student', 819, 1855, '819.mp3', 0),
(63, 8, 'Insomnia - NIA-week 2015 - Daan Grasveld, Wander van de Ven en Jens Munnik', 820, 8107, '820.mp3', 0),
(64, 8, 'Moeder in N.I.A.', 843, 469, '843.mp3', 0),
(65, 8, '186e Almanaklied - Misschien wel een date', 878, 1794, '878.mp3', 0),
(66, 8, 'AENEAS Lustrum 2016 - Gin en Jan', 905, 1603, '905.mp3', 0),
(67, 9, 'Bij hem', 10, 2797, '10.mp3', 0),
(68, 9, 'Brak', 5, 5016, '5.mp3', 0),
(69, 9, 'Apocalyps', 6, 7186, '6.mp3', 0),
(70, 9, 'Corpskameel', 7, 2722, '7.mp3', 0),
(71, 9, 'Mijn Amsterdam', 8, 6581, '8.mp3', 0),
(72, 9, 'Ik ben lid', 9, 6145, '9.mp3', 0),
(73, 10, 'FOCUS, waar het echt om draait', 857, 809, '857.mp3', 0),
(74, 11, 'HERA Cabaret - Borreltijd', 832, 2277, '832.mp3', 0),
(75, 11, 'HERA Cabaret - Gulpner golven', 833, 849, '833.mp3', 0),
(76, 11, 'HERA Cabaret - Herten Hoppe', 835, 744, '835.mp3', 0),
(77, 11, 'HERA Cabaret - Honestas kwijt', 836, 812, '836.mp3', 0),
(78, 11, 'HERA Cabaret - Mijn Huis', 837, 812, '837.mp3', 0),
(79, 11, 'HERA Cabaret - Naar bed met een Heraiet', 838, 1440, '838.mp3', 0),
(80, 11, 'HERA Cabaret - Oude Poeps', 839, 1449, '839.mp3', 0),
(81, 11, 'HERA Cabaret - Wat een dag', 841, 7620, '841.mp3', 0),
(82, 11, 'HERA Cabaret - t Glas omhoog', 842, 1502, '842.mp3', 0),
(83, 12, 'Blauwdruk', 885, 1283, '885.mp3', 0),
(84, 12, 'Eenzaam', 886, 456, '886.mp3', 0),
(85, 12, 'Friet en Saus', 887, 672, '887.mp3', 0),
(86, 12, 'Giro 83', 888, 539, '888.mp3', 0),
(87, 12, 'Het Meisje Daar', 889, 4253, '889.mp3', 0),
(88, 12, 'Mijn Prominentie', 890, 1014, '890.mp3', 0),
(89, 12, 'Tokogast', 891, 1130, '891.mp3', 0),
(90, 12, 'Trek Eens Aan Mn Vinger', 892, 392, '892.mp3', 0),
(91, 13, 'Geef t Op', 1004, 177, '1004.mp3', 0),
(92, 13, 'Revolteren', 1005, 186, '1005.mp3', 0),
(93, 14, 'Het Leven van een Student - 25e Lustrum ODOLEH', 862, 927, '862.mp3', 0),
(94, 14, 'Jannen met de Mannen - 25e Lustrum ODOLEH', 863, 1604, '863.mp3', 0),
(95, 14, 'Zooi - 25e Lustrum ODOLEH', 864, 723, '864.mp3', 0),
(96, 15, 'Een Vestaal 1987', 1101, 30, '1101.mp3', 0),
(97, 15, 'Hart Van Een Vestaal 1992', 1102, 24, '1102.mp3', 0),
(98, 15, 'Vesta 1917 Amsterdam - 100 jaar Trots', 1103, 41, '1103.mp3', 0),
(99, 15, 'Las Gargantas - Alles Wat Je Wil', 1105, 180, '1105.mp3', 0),
(100, 15, 'Swabemente x Maduodam - Heel Amsterdam', 1106, 66, '1106.mp3', 0),
(101, 16, 'Vestjeslied 2', 104, 22430, '104.mp3', 0),
(102, 16, 'final2', 105, 596, '105.mp3', 0),
(103, 16, '21 Bravo', 1063, 477, '1063.mp3', 0),
(104, 16, '21 Gala 2017', 1064, 421, '1064.mp3', 0),
(105, 16, 'hansmaltha', 106, 1252, '106.mp3', 0),
(106, 16, 'eiland in de zon', 18, 2452, '18.mp3', 0),
(107, 16, 'mooie pik', 19, 3083, '19.mp3', 0),
(108, 16, 'Lorre', 205, 2107, '205.mp3', 0),
(109, 16, 'Impuls Lustrumlied 88', 20, 1090, '20.mp3', 0),
(110, 16, 'HoBe 1415 - Ik Ben De Kampioen', 846, 917, '846.mp3', 0),
(111, 16, '2+6 Vergezocht', 867, 6440, '867.mp3', 0),
(112, 16, 'Poeniks Remiks', 98, 941, '98.mp3', 0),
(113, 16, 'HoBe 1617 - Scoor', 997, 361, '997.mp3', 0),
(114, 16, 'Poekie Remix', 99, 641, '99.mp3', 0),
(115, 17, 'KMT 2017 - Bijstandslied - 2 Weken Door', 1097, 281, '1097.mp3', 0),
(116, 17, 'KMT 2017 - Jaarlied - Een Luid Bravo', 1098, 130, '1098.mp3', 0),
(117, 17, 'KMT 2017 - Prefablied', 1099, 820, '1099.mp3', 0),
(118, 17, 'KMT 2017 - WKK - Hakuna Matata Tentenkamp', 1100, 191, '1100.mp3', 0),
(119, 17, 'KMT 2017 - Ik wou dat ik Het Gareel was', 1107, 161, '1107.mp3', 0),
(120, 17, 'KMT 2017 - FeCo', 1109, 37, '1109.mp3', 0),
(121, 17, 'Bert en Ernie WeekendKamp 2012', 21, 1724, '21.mp3', 0),
(122, 17, 'KMT 08 - mario snor van formaat instrumental', 22, 377, '22.mp3', 0),
(123, 17, 'KMT 2011 - Daar sta ik dan', 23, 4362, '23.mp3', 0),
(124, 17, 'Sinterklaas en Piettentkamp 07', 24, 703, '24.mp3', 0),
(125, 17, 'wkk lied', 25, 351, '25.mp3', 0),
(126, 17, 'Zaaktijger in Spe', 666, 1582, '666.mp3', 0),
(127, 17, 'KMT 2013 - Grote Smurf', 667, 1485, '667.mp3', 0),
(128, 17, 'Bijstand 2013 - Jaar 013, wat een pech!', 668, 1831, '668.mp3', 0),
(129, 17, 'Hallo Hagrid - WKK 2014', 830, 1222, '830.mp3', 0),
(130, 17, 'WKK 2015 - Een Beetje Gezet', 860, 1532, '860.mp3', 0),
(131, 17, 'WKK 2015 - Poekemon, jaar 015 VO', 861, 1669, '861.mp3', 0),
(132, 17, 'BiBaLied 2016', 989, 640, '989.mp3', 0),
(133, 18, 'De Varsity', 906, 715, '906.mp3', 0),
(134, 18, 'Goud in de hand, Zwart voor de ogen', 907, 702, '907.mp3', 0),
(135, 18, 'Paal van de President', 908, 1473, '908.mp3', 0),
(136, 18, 'Turfkoning', 909, 694, '909.mp3', 0),
(137, 18, 'Uitgeloot', 910, 915, '910.mp3', 0),
(138, 18, 'Verliefd op mijn Coach', 911, 1088, '911.mp3', 0),
(139, 18, 'Gekkenhuis', 912, 400, '912.mp3', 0),
(140, 19, 'Vakwerk Lustrumlied 83', 223, 773, '223.mp3', 0),
(141, 20, '1. Big Band - 9_20 Special', 570, 309, '570.mp3', 0),
(142, 20, '1. Intro', 571, 316, '571.mp3', 0),
(143, 20, '2. Big Band - Minnie the Moocher', 572, 261, '572.mp3', 0),
(144, 20, '2. Pipacs - Fttyhora', 573, 270, '573.mp3', 0),
(145, 20, '3. Big Band - Dickie\'s Dream', 574, 313, '574.mp3', 0),
(146, 20, '3. Kanaries - Tollite Hostias', 575, 217, '575.mp3', 0),
(147, 20, '4. De DSDH bezetting - Creole Love Call_Big Butter and Egg man', 576, 362, '576.mp3', 0),
(148, 20, '4. Qui Vive - Marche Hongroise', 577, 291, '577.mp3', 0),
(149, 20, '5. Le Bourdon - When I\'m 64', 578, 544, '578.mp3', 0),
(150, 20, '5. Phoenix Rhythm & Blues Revue - Soulman', 579, 302, '579.mp3', 0),
(151, 20, '6. Apollo - Aus der neuen Weit', 580, 269, '580.mp3', 0),
(152, 20, '6. Phoenix Rhythm & Blues Revue - Soulman', 581, 303, '581.mp3', 0),
(153, 20, '7. Apollo - Allegro Molto', 582, 176, '582.mp3', 0),
(154, 20, '8. DSDH, Bourdon, Kanarie, Muco - Lustrumlied', 583, 426, '583.mp3', 0),
(155, 21, 'Koppellied', 26, 352, '26.mp3', 0),
(156, 21, 'Romeo & Julia', 27, 345, '27.mp3', 0),
(157, 21, 'Geen Kleinigheid', 28, 395, '28.mp3', 0),
(158, 21, 'Tendenza', 29, 456, '29.mp3', 0),
(159, 21, 'Ballade van de mislukte studen', 30, 417, '30.mp3', 0),
(160, 21, 'Drankenlied', 31, 328, '31.mp3', 0),
(161, 21, 'In die mooie Delftsche Zalen', 32, 575, '32.mp3', 0),
(162, 21, 'Lustrumdames', 33, 520, '33.mp3', 0),
(163, 21, 'Place Pigalle', 34, 596, '34.mp3', 0),
(164, 21, 'Lustrum Oewa', 35, 307, '35.mp3', 0),
(165, 21, 'Lustrum VP\'92', 36, 352, '36.mp3', 0),
(166, 21, 'Koppellied (houseversie)', 37, 263, '37.mp3', 0),
(167, 22, 'Intro', 38, 256, '38.mp3', 0),
(168, 22, 'Dit is Delft', 39, 565, '39.mp3', 0),
(169, 22, 'We gaan extreem', 40, 634, '40.mp3', 0),
(170, 22, 'Lustrumterrein', 41, 539, '41.mp3', 0),
(171, 22, '\'n Echte Deltsche Student', 42, 833, '42.mp3', 0),
(172, 22, 'Laat me maar lekker...', 43, 835, '43.mp3', 0),
(173, 22, 'Uniek', 44, 408, '44.mp3', 0),
(174, 22, '08 8[1]. CD Track 8', 45, 353, '45.mp3', 0),
(175, 22, 'Phoenix 100 jaar', 46, 1220, '46.mp3', 0),
(176, 22, '10 10[1]. CD Track 10', 47, 441, '47.mp3', 0),
(177, 22, '11 11[1]. CD Track 11', 48, 334, '48.mp3', 0),
(178, 22, '12 12[1]. CD Track 12', 49, 338, '49.mp3', 0),
(179, 22, 'Soldaat van Oranje', 50, 398, '50.mp3', 0),
(180, 22, '14 14[1]. CD Track 14', 51, 259, '51.mp3', 0),
(181, 22, '15 15[1]. CD Track 15', 52, 303, '52.mp3', 0),
(182, 22, '16 16[1]. CD Track 16', 53, 304, '53.mp3', 0),
(183, 22, '17 17[1]. CD Track 17', 54, 248, '54.mp3', 0),
(184, 22, '3 procent', 55, 252, '55.mp3', 0),
(185, 23, 'Delluft', 56, 553, '56.mp3', 0),
(186, 23, 'IJzersterk', 57, 300, '57.mp3', 0),
(187, 23, 'Onze zijn beter', 58, 589, '58.mp3', 0),
(188, 23, 'Lustrumkoorts', 59, 764, '59.mp3', 0),
(189, 23, 'De Frank en Gerard Song', 60, 425, '60.mp3', 0),
(190, 23, 'Hongaarse Dans', 61, 267, '61.mp3', 0),
(191, 23, 'Oh oh de Zaak', 62, 634, '62.mp3', 0),
(192, 23, 'De tijd van ons bestaan', 63, 753, '63.mp3', 0),
(193, 23, 'IJs met sterk', 64, 348, '64.mp3', 0),
(194, 23, 'Dag zoveel', 65, 399, '65.mp3', 0),
(195, 23, 'De Oude Delft', 66, 475, '66.mp3', 0),
(196, 23, 'Tring tring...', 67, 452, '67.mp3', 0),
(197, 23, 'Kijk nu jezelf staan', 68, 389, '68.mp3', 0),
(198, 23, 'Wat een lekker leven', 69, 265, '69.mp3', 0),
(199, 24, 'Spanning tot Ontlading', 70, 536, '70.mp3', 0),
(200, 24, 'Corporaal', 71, 2596, '71.mp3', 0),
(201, 24, 'Ik en mijn Phoenix', 72, 771, '72.mp3', 0),
(202, 24, 'Maak Contact met `t DSC', 73, 596, '73.mp3', 0),
(203, 24, 'Ik trek mijn Zaakpak aan', 74, 1426, '74.mp3', 0),
(204, 24, 'Dans Jij voor Mij Vannacht', 75, 1457, '75.mp3', 0),
(205, 24, 'Mooi Meisje', 76, 724, '76.mp3', 0),
(206, 24, 'UB Parade', 77, 521, '77.mp3', 0),
(207, 24, 'Historie', 78, 473, '78.mp3', 0),
(208, 24, 'Meisjes', 79, 697, '79.mp3', 0),
(209, 24, 'Lustrumsletje', 80, 6956, '80.mp3', 0),
(210, 24, 'Gezicht op Delft', 81, 1092, '81.mp3', 0),
(211, 24, 'Delftsche Medley', 82, 930, '82.mp3', 0),
(212, 24, 'Licht uit op het Lustrumterrei', 83, 441, '83.mp3', 0),
(213, 24, 'Delftsch Studenten Corps', 84, 1019, '84.mp3', 0),
(214, 24, 'Lustrumterrein', 85, 414, '85.mp3', 0),
(215, 24, 'Kalinka', 86, 434, '86.mp3', 0),
(216, 24, 'Stereo borrelgeluid', 87, 346, '87.mp3', 0),
(217, 24, 'Nights over Egypt', 88, 247, '88.mp3', 0),
(218, 24, 'Just a Gigolo', 89, 428, '89.mp3', 0),
(219, 25, 'Koude Leeuwen ft. Knelst - Weer Brak! (preview version)', 464, 1684, '464.mp3', 0),
(220, 25, 'Ben Heel Erg Lid', 476, 3402, '476.mp3', 0),
(221, 25, 'Chillgenieur (in mineur)', 477, 4062, '477.mp3', 0),
(222, 25, 'Ga Je Mee', 478, 4633, '478.mp3', 0),
(223, 25, 'Ha Ha Ha de Phoenix', 479, 3119, '479.mp3', 0),
(224, 25, 'Hee, Wat Moet Ik Nou', 480, 1856, '480.mp3', 0),
(225, 25, 'Ik Ben', 481, 2354, '481.mp3', 0),
(226, 25, 'Je Bent Veel Mooier', 482, 66959, '482.mp3', 0),
(227, 25, 'Lustra Gaan Voorbij', 483, 2617, '483.mp3', 0),
(228, 25, 'Lustrum Van Mijn Leven', 484, 1872, '484.mp3', 0),
(229, 25, 'Lustrum, Ik Wil Je Niet Kwijt', 485, 2263, '485.mp3', 0),
(230, 25, 'Lustrumpenis', 486, 2930, '486.mp3', 0),
(231, 25, 'Mee Naar Huis', 487, 2403, '487.mp3', 0),
(232, 25, 'Oh Delftse Gast', 488, 50463, '488.mp3', 0),
(233, 25, 'Open Je Ogen', 489, 4156, '489.mp3', 0),
(234, 25, 'Tentamenzaal', 490, 55181, '490.mp3', 0),
(235, 25, 'Weer Brak', 491, 1746, '491.mp3', 0),
(236, 25, 'Zeg Mooi Meisje', 492, 2377, '492.mp3', 0),
(237, 25, 'Zij', 493, 1463, '493.mp3', 0),
(238, 25, 'FecoLied 2012 (KMT)', 90, 2079, '90.mp3', 0),
(239, 26, 'Als Ik Met Je Kon Ruilen', 1110, 205, '1110.mp3', 0),
(240, 26, 'Dat Was Pilschen', 1111, 215, '1111.mp3', 0),
(241, 26, 'De Bron', 1112, 346, '1112.mp3', 0),
(242, 26, 'Evenwicht', 1113, 148, '1113.mp3', 0),
(243, 26, 'Het Leven Is Mooi', 1114, 84, '1114.mp3', 0),
(244, 26, 'Je Bent Vannacht Bij Mij', 1115, 101, '1115.mp3', 0),
(245, 26, 'Laat Het Corps In Je Hart', 1116, 121, '1116.mp3', 0),
(246, 26, 'Leidse Uf Uit Amsterdam', 1117, 93, '1117.mp3', 0),
(247, 26, 'Lustrum Ga Mee', 1118, 370, '1118.mp3', 0),
(248, 26, 'Lustrumroes', 1119, 210, '1119.mp3', 0),
(249, 26, 'Neem Me Mee', 1120, 129, '1120.mp3', 0),
(250, 26, 'Op De Helft', 1121, 139, '1121.mp3', 0),
(251, 26, 'Tweede Thuis', 1122, 257, '1122.mp3', 0),
(252, 26, 'Vergissing', 1123, 58, '1123.mp3', 0),
(253, 26, 'Voorbij', 1124, 103, '1124.mp3', 0),
(254, 26, 'Zwevend', 1125, 154, '1125.mp3', 0),
(255, 27, 'Als de Zondag is Gekomen', 806, 686, '806.mp3', 0),
(256, 27, 'Ballen Naast de Goal', 807, 426, '807.mp3', 0),
(257, 27, 'Bonustrack', 808, 318, '808.mp3', 0),
(258, 27, 'Country Shoe', 809, 507, '809.mp3', 0),
(259, 27, 'Een Bussie Lauwe Schulties', 810, 338, '810.mp3', 0),
(260, 27, 'Het Was Een Pot', 811, 370, '811.mp3', 0),
(261, 27, 'Interluls', 812, 401, '812.mp3', 0),
(262, 27, 'Kampioenschap is een Illusie', 813, 432, '813.mp3', 0),
(263, 27, 'Ouwe Schoen Medley', 814, 276, '814.mp3', 0),
(264, 27, 'Ow Ouwe Schoen', 815, 444, '815.mp3', 0),
(265, 27, 'We Spelen Tikkie Takka', 816, 596, '816.mp3', 0),
(266, 27, 'Zes Punten Wedstrijd', 817, 440, '817.mp3', 0),
(267, 28, 'Owee 2017 - In de Owee', 1086, 70, '1086.mp3', 0),
(268, 28, 'Owee 2017 - Kan niet Wachten', 1087, 48, '1087.mp3', 0),
(269, 28, 'Owee 2003 DSC - proef het', 123, 260, '123.mp3', 0),
(270, 28, 'DJ Lijkwan feat Kirsten - Just Be', 197, 246, '197.mp3', 0),
(271, 28, 'Coen Dingemans feat Kirsten - Just Be DSC', 198, 269, '198.mp3', 0),
(272, 28, 'Chris Mantz feat Anne Jansensss - He ga je mee', 199, 288, '199.mp3', 0),
(273, 28, 'Ima feat Kirsten - De Enige Echte', 200, 337, '200.mp3', 0),
(274, 28, 'Ima feat Kirsten - This Way', 201, 376, '201.mp3', 0),
(275, 28, 'DJ Lijkwan - DSC', 202, 258, '202.mp3', 0),
(276, 28, 'De Nummer EEN', 203, 480, '203.mp3', 0),
(277, 28, 'Owee 2011 - Naar het DSC', 227, 605, '227.mp3', 0),
(278, 28, 'OWee 2015 - Lekker op de Zaak', 844, 1060, '844.mp3', 0),
(279, 28, 'Owee 2002 - He ga je mee', 91, 1793, '91.mp3', 0),
(280, 28, 'Owee 1998', 93, 290, '93.mp3', 0),
(281, 28, 'Owee 1999 - Sluit aan in Delft', 94, 310, '94.mp3', 0),
(282, 28, 'Owee 2004 - Super Man!!', 95, 326, '95.mp3', 0),
(283, 28, 'Owee 2007 - DSC All Stars (Kwe', 96, 398, '96.mp3', 0),
(284, 28, 'Owee 2012 - Phoenix, I\'m Your Fire', 97, 740, '97.mp3', 0),
(285, 28, 'Jouw Avontuur - Siger van Ramshorst', 987, 1651, '987.mp3', 0),
(286, 29, '170 Jaar - SoLu', 1059, 168, '1059.mp3', 0),
(287, 29, 'Buitengewoon Phoenix - SoLu', 1060, 187, '1060.mp3', 0),
(288, 29, 'De Zaak (Oehoe)', 1061, 347, '1061.mp3', 0),
(289, 29, 'Wil je met me zuipen - SoLu', 1062, 255, '1062.mp3', 0),
(290, 30, 'VP 2010 - Heersch, Bras, Pils, Lul, Braak, Leef op de Phoenix', 101, 1645, '101.mp3', 0),
(291, 30, 'VP 2016 - Doe mij maar een Pils', 1024, 534, '1024.mp3', 0),
(292, 30, 'VP 2016 - LID', 1025, 452, '1025.mp3', 0),
(293, 30, 'VP Rede 2010 - Ik Ben Lid', 102, 17949, '102.mp3', 0),
(294, 30, 'VP Rede 2007 - Dol op de Phoenix', 103, 51052, '103.mp3', 0),
(295, 30, 'VP 2011 - Phoenix ik hou steeds meer van jou', 206, 1603, '206.mp3', 0),
(296, 30, 'VP 2013 - Doe gewoon corporaal', 675, 4497, '675.mp3', 0),
(297, 30, 'VP 2013 - Ho Hee', 676, 1662, '676.mp3', 0),
(298, 30, 'VP 2013 - Phoenix Style', 677, 7439, '677.mp3', 0),
(299, 30, 'VP 2014 - Corps Henge', 790, 1378, '790.mp3', 0),
(300, 30, 'VP 2014 - Kerstmis', 791, 1484, '791.mp3', 0),
(301, 30, 'VP 2014 - Liefde of het Corps', 792, 5242, '792.mp3', 0),
(302, 30, 'VP 2014 - Zaakverslaafd', 793, 1809, '793.mp3', 0),
(303, 30, 'VP 2015 & Almanak- Ontspoord (Dit Was De VP)', 879, 2838, '879.mp3', 0),
(304, 30, 'VP 2015 - Corps Stability (Met Je Ledenmaten)', 880, 2316, '880.mp3', 0),
(305, 30, 'VP 2015 - Dit Is De VP Hier', 881, 2370, '881.mp3', 0),
(306, 30, 'VP 2015 - Over Het Spoor', 882, 2845, '882.mp3', 0),
(307, 31, 'Corpsdrank', 12, 465, '12.mp3', 0),
(308, 31, 'Sophie', 14, 1116, '14.mp3', 0),
(309, 31, 'Delftsche Meiden', 17, 595, '17.mp3', 0),
(310, 31, '01 - Intro', 180, 357, '180.mp3', 0),
(311, 31, 'Studentengrappen', 181, 559, '181.mp3', 0),
(312, 31, 'O Jee', 182, 376, '182.mp3', 0),
(313, 31, 'Nuldejaars', 183, 1095, '183.mp3', 0),
(314, 31, 'Huisjongste', 184, 1487, '184.mp3', 0),
(315, 31, 'Diaree Song', 185, 345, '185.mp3', 0),
(316, 31, 'Wintersport', 186, 395, '186.mp3', 0),
(317, 31, 'Roeien', 187, 760, '187.mp3', 0),
(318, 31, 'Kroegjool', 188, 643, '188.mp3', 0),
(319, 31, 'Triolala In Het Ledikant', 189, 380, '189.mp3', 0),
(320, 31, 'Droomstadje', 190, 286, '190.mp3', 0),
(321, 31, 'Gebbetje', 191, 378, '191.mp3', 0),
(322, 31, 'Vakkentijd', 192, 551, '192.mp3', 0),
(323, 31, 'Formules In Zand', 193, 456, '193.mp3', 0),
(324, 31, 'Carriere', 194, 374, '194.mp3', 0),
(325, 31, 'Tranen En Tuiten', 195, 392, '195.mp3', 0),
(326, 31, '20 - Eindriedel', 196, 499, '196.mp3', 0),
(327, 32, 'Mijn naam is Henk', 107, 92774, '107.mp3', 0),
(328, 32, 'Hup Voor Het Corps', 108, 48601, '108.mp3', 0),
(329, 32, 'Hier op Vindicat', 225, 11071, '225.mp3', 0),
(330, 32, 'Sletje - Kansloze Avond', 366, 5680, '366.mp3', 0),
(331, 32, 'Ik hou van alle foeten 2008', 367, 12816, '367.mp3', 0),
(332, 32, 'Berendinalied', 407, 1277, '407.mp3', 0),
(333, 32, 'De Controle', 408, 1259, '408.mp3', 0),
(334, 32, 'Deelt Haar Bed', 409, 3208, '409.mp3', 0),
(335, 32, 'Gek', 410, 1252, '410.mp3', 0),
(336, 32, 'Groet uit Brasschaat', 411, 2629, '411.mp3', 0),
(337, 32, 'Het eiland Hawaii', 412, 1460, '412.mp3', 0),
(338, 32, 'In De Hoek', 413, 1919, '413.mp3', 0),
(339, 32, 'Jaarlied 04', 414, 1131, '414.mp3', 0),
(340, 32, 'Jaarlied 88', 415, 1367, '415.mp3', 0),
(341, 32, 'Joris', 416, 1357, '416.mp3', 0),
(342, 32, 'Laat Joris Gaan', 417, 2023, '417.mp3', 0),
(343, 32, 'Lustrum - Monopoly', 418, 1902, '418.mp3', 0),
(344, 32, 'Lustrumlied Overdonderd', 419, 3971, '419.mp3', 0),
(345, 32, 'Mooiste stad van t noorden', 420, 1706, '420.mp3', 0),
(346, 32, 'Regelneef-teef', 421, 2191, '421.mp3', 0),
(347, 32, 'Supermooi', 422, 4509, '422.mp3', 0),
(348, 32, 'Vinditaal', 423, 2875, '423.mp3', 0),
(349, 32, 'Ik Houd van Hockey', 459, 71537, '459.mp3', 0),
(350, 32, 'Lustrumlied GHSC 2012', 672, 710, '672.mp3', 0),
(351, 32, 'Pijpie Flex & Lil Baco - Pils en Baco', 847, 4223, '847.mp3', 0),
(352, 32, 'Kermesse dHiver - 3 dagen', 866, 4306, '866.mp3', 0),
(353, 33, 'Track 01', 1088, 61, '1088.mp3', 0),
(354, 33, 'Track 02', 1089, 78, '1089.mp3', 0),
(355, 33, 'Track 03', 1090, 52, '1090.mp3', 0),
(356, 33, 'Track 04', 1091, 43, '1091.mp3', 0),
(357, 33, 'Track 05', 1092, 36, '1092.mp3', 0),
(358, 33, 'Track 06', 1093, 22, '1093.mp3', 0),
(359, 33, 'Track 07', 1094, 42, '1094.mp3', 0),
(360, 33, 'Track 08', 1095, 66, '1095.mp3', 0),
(361, 33, 'Track 09', 1096, 51, '1096.mp3', 0),
(362, 34, 'Altijd Door Op Het Corps', 370, 1005, '370.mp3', 0),
(363, 34, 'Chill', 371, 679, '371.mp3', 0),
(364, 34, 'Corpsstudent', 372, 2607, '372.mp3', 0),
(365, 34, 'De Hoek', 373, 661, '373.mp3', 0),
(366, 34, 'Foet', 374, 952, '374.mp3', 0),
(367, 34, 'Geiler Als Ik Kaal Ben', 375, 9952, '375.mp3', 0),
(368, 34, 'Het Meisje Waar Hij Naar Zocht', 376, 3662, '376.mp3', 0),
(369, 34, 'Ice Ice (Corpo versie)', 377, 2511, '377.mp3', 0),
(370, 34, 'Ik Ben Zo Lam', 378, 2576, '378.mp3', 0),
(371, 34, 'Kom Bij Me Of Laat Me Gaan', 379, 1246, '379.mp3', 0),
(372, 34, 'Leven Van Een Lid', 380, 13436, '380.mp3', 0),
(373, 34, 'Lid 2011', 381, 733, '381.mp3', 0),
(374, 34, 'Seks Op Het Corps', 382, 4230, '382.mp3', 0),
(375, 34, 'She Hates Me', 383, 1315, '383.mp3', 0),
(376, 34, 'Voor het Corps', 384, 1185, '384.mp3', 0),
(377, 34, 'Word Lid', 385, 735, '385.mp3', 0),
(378, 34, 'Zuipen (Rehab)', 386, 1282, '386.mp3', 0),
(379, 35, 'Barwash', 466, 1002, '466.mp3', 0),
(380, 35, 'Finding Rhino', 467, 6450, '467.mp3', 0),
(381, 35, 'Ik ben een corpsbal', 468, 3172, '468.mp3', 0),
(382, 35, 'Jaar \'12, Wij zijn nu lid', 469, 3067, '469.mp3', 0),
(383, 35, 'Jokerlied', 470, 838, '470.mp3', 0),
(384, 35, 'Naaien op het nieuwe pand', 471, 47733, '471.mp3', 0),
(385, 35, 'Ritalin', 472, 1560, '472.mp3', 0),
(386, 35, 'Too bad, Peanutbutter', 473, 5273, '473.mp3', 0),
(387, 36, 'Blaadje Slechte Teksten', 696, 3160, '696.mp3', 0),
(388, 36, 'Corpsblues 1', 697, 3568, '697.mp3', 0),
(389, 36, 'Hier op Vindicat 1', 698, 2947, '698.mp3', 0),
(390, 36, 'Hospiteerlied', 699, 965, '699.mp3', 0),
(391, 36, 'Ik was toch je Meisje', 700, 2817, '700.mp3', 0),
(392, 36, 'Jaar 2013', 701, 1351, '701.mp3', 0),
(393, 36, 'Kut voor Mekaar', 702, 2696, '702.mp3', 0),
(394, 36, 'Mn lul zit niet goed', 703, 4665, '703.mp3', 0),
(395, 37, 'Aan de grote markt', 821, 637, '821.mp3', 0),
(396, 37, 'Alleen naar huis', 822, 3136, '822.mp3', 0),
(397, 37, 'Een laag wij zegt nooit nee', 823, 1831, '823.mp3', 0),
(398, 37, 'Het Pand', 824, 1471, '824.mp3', 0),
(399, 37, 'Je kijkt niet naar me om', 825, 1733, '825.mp3', 0),
(400, 37, 'Stuca Controle', 826, 2006, '826.mp3', 0),
(401, 37, 'Waakzeug', 827, 1582, '827.mp3', 0),
(402, 37, 'Zomer in St Tropez', 828, 2163, '828.mp3', 0),
(403, 37, 'Jaar 2014', 829, 602, '829.mp3', 0),
(404, 38, 'BBC - Vindicat (David Attenborough)', 868, 454, '868.mp3', 0),
(405, 38, 'De Zaterdag', 869, 1489, '869.mp3', 0),
(406, 38, 'Drinken tot de Markt staat', 870, 1063, '870.mp3', 0),
(407, 38, 'Het Pand Van', 871, 8537, '871.mp3', 0),
(408, 38, 'Mag ik dan met jou', 872, 3358, '872.mp3', 0),
(409, 38, 'Mr. Vindicat', 873, 2562, '873.mp3', 0),
(410, 38, 'Mutuaseum (opening)', 874, 1050, '874.mp3', 0),
(411, 38, 'Pilsmajoor', 875, 5117, '875.mp3', 0),
(412, 38, 'Toen werd ik lid', 876, 9166, '876.mp3', 0),
(413, 38, 'Tweedejaars Syndroom', 877, 5191, '877.mp3', 0),
(414, 39, '01 - Ukkiepukkie van het Corps', 1048, 1944, '1048.mp3', 0),
(415, 39, '02 - Ik houd van pik', 1049, 2723, '1049.mp3', 0),
(416, 39, '03 - 4 Chords', 1050, 4655, '1050.mp3', 0),
(417, 39, '04 - Bakker', 1051, 879, '1051.mp3', 0),
(418, 39, '05 - Was ik niet', 1052, 1779, '1052.mp3', 0),
(419, 39, '06 - Jaar 2016', 1053, 1786, '1053.mp3', 0),
(420, 39, '07 - Luchtmos', 1054, 446, '1054.mp3', 0),
(421, 39, '08 - 1815', 1055, 1203, '1055.mp3', 0),
(422, 39, '09 - Bavaria', 1056, 2051, '1056.mp3', 0),
(423, 39, '10 - Flesback', 1057, 482, '1057.mp3', 0),
(424, 40, 'Tieten Zijn Mooi', 100, 44349, '100.mp3', 0),
(425, 40, 'Chantalles Smartlap', 774, 325, '774.mp3', 0),
(426, 40, 'Eindlied 97', 775, 260, '775.mp3', 0),
(427, 40, 'Grietje En Rias Ruzie', 776, 429, '776.mp3', 0),
(428, 40, 'Hans, Is Dit Wat Je Echt Wilt', 777, 338, '777.mp3', 0),
(429, 40, 'Ik Kan Je Niet Laten Gaan', 778, 351, '778.mp3', 0),
(430, 40, 'Pleite', 779, 273, '779.mp3', 0),
(431, 40, 'Schatje Jij En Ik', 780, 517, '780.mp3', 0),
(432, 40, 'Tony En Lisa\'s Lied', 781, 285, '781.mp3', 0),
(433, 40, 'Toverlied', 782, 438, '782.mp3', 0),
(434, 40, 'Waarom', 783, 297, '783.mp3', 0),
(435, 40, 'Wat Moet Ik Nou', 784, 299, '784.mp3', 0),
(436, 40, 'Wilfrieds WC-ballade', 785, 410, '785.mp3', 0),
(437, 41, 'Lustrumlied Vindicat - Voer de boventoon', 109, 63713, '109.mp3', 0),
(438, 42, 'Lustrum Ski Lied Vindicat 2014', 787, 2917, '787.mp3', 0),
(439, 42, 'Lustrumlied Quarantramalant - Samen Eeuwig Apart', 831, 109267, '831.mp3', 0),
(440, 43, '15000 leden - Muco 2011', 1026, 640, '1026.mp3', 0),
(441, 43, 'Los - Sine Regno 17', 1046, 950, '1046.mp3', 0),
(442, 43, 'Hoogvliet', 110, 55445, '110.mp3', 0),
(443, 43, 'Laat Je Zoon Studeren', 111, 6854, '111.mp3', 0),
(444, 43, 'Wat Is Het Mooi Om Lid Te Zijn', 112, 63765, '112.mp3', 0),
(445, 43, 'morning after', 11, 4059, '11.mp3', 0),
(446, 43, 'Chillheid', 124, 10041, '124.mp3', 0),
(447, 43, '09 charlotte', 15, 48956, '15.mp3', 0),
(448, 43, '11 stage lopen', 16, 1028, '16.mp3', 0),
(449, 43, 'Corpsbal', 230, 19518, '230.mp3', 0),
(450, 43, 'Soldaat van Oranje (remix)', 231, 7581, '231.mp3', 0),
(451, 43, 'Ingedikt', 359, 3533, '359.mp3', 0),
(452, 43, 'Student', 360, 1421, '360.mp3', 0),
(453, 43, 'Romance Fatale', 361, 1504, '361.mp3', 0),
(454, 43, 'Verliefd', 362, 1698, '362.mp3', 0),
(455, 43, 'De Uil', 363, 2595, '363.mp3', 0),
(456, 43, 'Bierbuik Blues', 456, 1740, '456.mp3', 0),
(457, 43, 'Chat Roulette', 457, 963, '457.mp3', 0),
(458, 43, 'Gilles de la Tourette', 458, 2477, '458.mp3', 0),
(459, 43, 'Lustrumlied \'08', 460, 774, '460.mp3', 0),
(460, 43, 'Nog Geneukt Leiden', 461, 3178, '461.mp3', 0),
(461, 43, 'Rookverbod', 462, 1862, '462.mp3', 0),
(462, 44, 'Io Vivat', 208, 700, '208.mp3', 0),
(463, 44, 'Laat Je Zoon Studeren', 209, 1202, '209.mp3', 0),
(464, 44, 'Duizend LieDJes', 210, 426, '210.mp3', 0),
(465, 44, 'De Aardappeleters', 211, 520, '211.mp3', 0),
(466, 44, 'Waar Blijft De Tijd', 212, 549, '212.mp3', 0),
(467, 44, 'Cursing', 214, 365, '214.mp3', 0),
(468, 44, 'Spelletjesland', 215, 346, '215.mp3', 0),
(469, 44, 'Dromen', 216, 368, '216.mp3', 0),
(470, 44, 'Hou Je Van', 217, 498, '217.mp3', 0),
(471, 44, 'Dag Ouwe Soc', 219, 644, '219.mp3', 0),
(472, 44, 'Lege Glazen', 220, 1122, '220.mp3', 0),
(473, 44, 'Is Er Een Notabel In De Zaal', 221, 1086, '221.mp3', 0),
(474, 44, 'In Leiden Sind Die Nachte Lang', 222, 1094, '222.mp3', 0),
(475, 45, 'Roos', 368, 6091, '368.mp3', 0),
(476, 46, '200 Jaar Tijdloos', 733, 3435, '733.mp3', 0),
(477, 46, 'Als Je Weg Moet Gaan', 734, 493, '734.mp3', 0),
(478, 46, 'Dit Is Mijn Dag', 735, 784, '735.mp3', 0),
(479, 46, 'Eeen Avond', 736, 911, '736.mp3', 0),
(480, 46, 'Geschiedlied', 737, 586, '737.mp3', 0),
(481, 46, 'Laat Je Zoon Studeren', 738, 1034, '738.mp3', 0),
(482, 46, 'Lege Glazen', 739, 818, '739.mp3', 0),
(483, 46, 'Leiden', 740, 647, '740.mp3', 0),
(484, 46, 'Lid = Liefde', 741, 1158, '741.mp3', 0),
(485, 46, 'Neem Me Mee', 742, 643, '742.mp3', 0),
(486, 46, 'Pa-Pa-Paradox Op De Societeit', 743, 1169, '743.mp3', 0),
(487, 46, 'Paradox', 744, 404, '744.mp3', 0),
(488, 46, 'Pitiful Weltschmerz', 745, 308, '745.mp3', 0),
(489, 46, 'Snackbarmeisje', 746, 853, '746.mp3', 0),
(490, 46, 'Tijdloze Zomer', 747, 1731, '747.mp3', 0),
(491, 46, 'Wat is het mooi om Lid te zijn', 748, 2365, '748.mp3', 0),
(492, 46, 'Wiener Melange', 749, 468, '749.mp3', 0),
(493, 47, '1 El Cid', 1065, 128, '1065.mp3', 0),
(494, 47, '10 High Potential', 1066, 106, '1066.mp3', 0),
(495, 47, '11 Leidse Illusie', 1067, 100, '1067.mp3', 0),
(496, 47, '2 Broodje Hotdog', 1068, 50, '1068.mp3', 0),
(497, 47, '3 Rode Lippen', 1069, 98, '1069.mp3', 0),
(498, 47, '4 Mooiste Beruchtste Huis', 1070, 143, '1070.mp3', 0),
(499, 47, '5 Corpswaarts', 1071, 59, '1071.mp3', 0),
(500, 47, '6 Sophie Sophisticated', 1072, 94, '1072.mp3', 0),
(501, 47, '7 Corpsworm', 1073, 111, '1073.mp3', 0),
(502, 47, '8 Manana', 1074, 52, '1074.mp3', 0),
(503, 47, '9 Je Had Me (Het Is Nu Echt Voorbij)', 1075, 108, '1075.mp3', 0),
(504, 48, '36e Walhallaweek - One Night Stand', 1058, 1007, '1058.mp3', 0),
(505, 48, 'Bikini Rap', 113, 69441, '113.mp3', 0),
(506, 48, 'Vo Ik Ben Lid Nu', 369, 19606, '369.mp3', 0),
(507, 48, 'Lustrumnummer RVSV - Superb', 406, 4966, '406.mp3', 0),
(508, 48, 'Eurekaweek 2013 - Wacht maar af', 665, 5727, '665.mp3', 0),
(509, 48, 'Lulico - Laten we Goden Zijn', 695, 4540, '695.mp3', 0),
(510, 48, 'Alles of Niets - Eurekaweek 2015 RVSV', 848, 2911, '848.mp3', 0),
(511, 48, 'Verlangen - Hermes House Band', 859, 801, '859.mp3', 0),
(512, 48, 'Party op de RV', 988, 1088, '988.mp3', 0),
(513, 49, 'Aan de Maas', 1076, 263, '1076.mp3', 0),
(514, 49, 'Date Diner', 1077, 303, '1077.mp3', 0),
(515, 49, 'Fout Ventje', 1078, 386, '1078.mp3', 0),
(516, 49, 'Galastress', 1079, 274, '1079.mp3', 0),
(517, 49, 'Ik Wil Exclusive', 1080, 570, '1080.mp3', 0),
(518, 49, 'Je Bent Mijn Beste Vriend', 1081, 785, '1081.mp3', 0),
(519, 49, 'Naakte Man', 1082, 12313, '1082.mp3', 0),
(520, 49, 'Open Je Deuren', 1083, 984, '1083.mp3', 0),
(521, 49, 'Pre Fab', 1084, 275, '1084.mp3', 0),
(522, 49, 'Vestjeslikker', 1085, 853, '1085.mp3', 0),
(523, 50, 'Van de Wereld', 711, 3343, '711.mp3', 0),
(524, 50, 'Tred die adt', 712, 1355, '712.mp3', 0),
(525, 50, 'De elfde', 713, 1001, '713.mp3', 0),
(526, 50, 'Mooi', 714, 2142, '714.mp3', 0),
(527, 50, 'Lid voor het leven', 715, 3766, '715.mp3', 0),
(528, 50, 'Ik wil mijn deur', 716, 16883, '716.mp3', 0),
(529, 50, 'Eeuwigheid is zo voorbij', 717, 3002, '717.mp3', 0),
(530, 50, '1xJa, 2xNee', 718, 7738, '718.mp3', 0),
(531, 50, 'Sjaarzencomplex', 719, 4538, '719.mp3', 0),
(532, 50, 'Rotterdamlied', 720, 7326, '720.mp3', 0),
(533, 50, 'Oh RSC', 721, 10864, '721.mp3', 0),
(534, 50, 'Weg van de Wereld', 722, 1683, '722.mp3', 0),
(535, 50, 'Hoe het hoort', 723, 1397, '723.mp3', 0),
(536, 50, 'Membre de Septembre', 724, 11711, '724.mp3', 0),
(537, 50, 'Lalalalalalala Lalalalala La', 725, 2142, '725.mp3', 0),
(538, 50, 'Van de Wereld (Apres Ski)', 726, 3584, '726.mp3', 0),
(539, 50, 'Tinder', 727, 3362, '727.mp3', 0),
(540, 50, 'Tis Lustrum', 728, 2632, '728.mp3', 0),
(541, 50, 'Corpslied', 729, 2003, '729.mp3', 0),
(542, 50, 'Het Einde', 730, 2348, '730.mp3', 0),
(543, 50, 'Bonus - Laten we Goden zijn', 731, 1756, '731.mp3', 0),
(544, 51, 'Kasteel Opstelten', 913, 176, '913.mp3', 0),
(545, 51, 'Kastelehouse', 914, 115, '914.mp3', 0),
(546, 51, 'Rotterdam (live opgenomen)', 915, 237, '915.mp3', 0),
(547, 51, 'Verlangen', 916, 193, '916.mp3', 0),
(548, 52, 'Aint No Mountain High Enough', 917, 159, '917.mp3', 0),
(549, 52, 'Een Avond In Bikini', 918, 605, '918.mp3', 0),
(550, 52, 'Eenzame Hoogte (reprise)', 919, 168, '919.mp3', 0),
(551, 52, 'Eenzame Hoogte', 920, 151, '920.mp3', 0),
(552, 52, 'Hijs Je In Rokbroek', 921, 307, '921.mp3', 0),
(553, 52, 'Lonely At The Top', 922, 123, '922.mp3', 0),
(554, 52, 'The Future', 923, 104, '923.mp3', 0),
(555, 53, '11 12 13', 387, 1904, '387.mp3', 0),
(556, 53, 'Bonustrack', 388, 445, '388.mp3', 0),
(557, 53, 'Dat Gevoel', 389, 1259, '389.mp3', 0),
(558, 53, 'Frenck The Tank', 390, 23443, '390.mp3', 0),
(559, 53, 'Getverdemme Gatverdamme', 391, 1947, '391.mp3', 0),
(560, 53, 'Goeie Dronk', 392, 4895, '392.mp3', 0),
(561, 53, 'Gooi Een Bierdop Uit Het Raam', 393, 4080, '393.mp3', 0),
(562, 53, 'Het Einde', 394, 2680, '394.mp3', 0),
(563, 53, 'Hijs Je In Rokbroek', 395, 682, '395.mp3', 0),
(564, 53, 'Hoe Het Er Nu Is', 396, 1602, '396.mp3', 0),
(565, 53, 'Hoe Papa Mama Ooit', 397, 20487, '397.mp3', 0),
(566, 53, 'I am A Star', 398, 574, '398.mp3', 0),
(567, 53, 'Koor', 399, 2750, '399.mp3', 0),
(568, 53, 'Monopoly', 400, 3778, '400.mp3', 0),
(569, 53, 'RVdis', 401, 2562, '401.mp3', 0),
(570, 53, 'Rotterdamlied', 402, 13449, '402.mp3', 0),
(571, 53, 'Tot Ziens In De Bikini', 403, 3431, '403.mp3', 0),
(572, 53, 't Walhalla, Bikini', 404, 1129, '404.mp3', 0),
(573, 53, 't Walhalla', 405, 5355, '405.mp3', 0),
(574, 54, 'Contrast', 865, 30983, '865.mp3', 0),
(575, 54, 'Skilied', 884, 1094, '884.mp3', 0),
(576, 54, 'Commissie Brallade', 893, 858, '893.mp3', 0),
(577, 54, 'De Corps Clip', 894, 2776, '894.mp3', 0),
(578, 54, 'De Waarheid', 895, 1855, '895.mp3', 0),
(579, 54, 'First Lady', 896, 2349, '896.mp3', 0),
(580, 54, 'Het Moment', 897, 1443, '897.mp3', 0),
(581, 54, 'Lage Corpsbal', 898, 6718, '898.mp3', 0),
(582, 54, 'Lustrum Kriebels', 899, 1728, '899.mp3', 0),
(583, 54, 'Maak het Mee', 900, 1858, '900.mp3', 0),
(584, 54, 'Mimosa', 901, 1965, '901.mp3', 0),
(585, 54, 'Rotterdamlied', 902, 2102, '902.mp3', 0),
(586, 54, 'Vrijgezel', 903, 2218, '903.mp3', 0),
(587, 54, 'Walk of Shame', 904, 6053, '904.mp3', 0),
(588, 55, 'Hospiteerlied', 115, 7028, '115.mp3', 0),
(589, 55, 'Nog Geneukt', 117, 19875, '117.mp3', 0),
(590, 55, 'Lijnlied', 118, 2345, '118.mp3', 0),
(591, 55, 'Pandalied', 119, 55546, '119.mp3', 0),
(592, 55, 'Ik Wou Dat Ik Lid Was', 121, 93326, '121.mp3', 0),
(593, 55, 'Mijn Zoon Is De Allergrootste Knor', 224, 74609, '224.mp3', 0),
(594, 55, 'Uffenlied (voor UVSV)', 226, 91560, '226.mp3', 0),
(595, 55, 'Antoinette', 228, 9464, '228.mp3', 0),
(596, 55, 'Lustrum Odysseus - 5 Jaar Zo Stil', 229, 5029, '229.mp3', 0),
(597, 55, 'Moederlijke Zorgen \'75 (Mien)', 358, 3465, '358.mp3', 0),
(598, 55, 'Klassenstrijdkreet', 732, 9776, '732.mp3', 0),
(599, 55, 'De Beurs en De Woolloomooloo', 845, 3502, '845.mp3', 0),
(600, 55, 'USC Lustrumlied - Don Quichot', 883, 33797, '883.mp3', 0),
(601, 56, 'Lustrumlied 2011', 340, 2007, '340.mp3', 0),
(602, 56, 'Mamalied 2007', 341, 1426, '341.mp3', 0),
(603, 56, 'Liefdeslied 2009', 342, 6373, '342.mp3', 0),
(604, 56, 'Openingslied 2008', 343, 914, '343.mp3', 0),
(605, 56, 'Texellied 2010', 344, 9872, '344.mp3', 0),
(606, 56, 'SOAlied 2008', 345, 6181, '345.mp3', 0),
(607, 56, 'Liever buitenland 2011', 346, 12410, '346.mp3', 0),
(608, 56, 'Utrechtlied 2009', 347, 1812, '347.mp3', 0),
(609, 56, 'Lijn 11 2011', 348, 928, '348.mp3', 0),
(610, 56, 'Familialied 2010', 349, 2890, '349.mp3', 0),
(611, 56, 'Tuinierlied 2007', 350, 998, '350.mp3', 0),
(612, 56, 'Openingslied 2011', 351, 1428, '351.mp3', 0),
(613, 56, 'Ploertenlied 2008', 352, 5033, '352.mp3', 0),
(614, 56, 'Spiegellied 2011', 353, 4595, '353.mp3', 0),
(615, 56, 'Club CV-lied 2009', 354, 2690, '354.mp3', 0),
(616, 56, 'Ode aan FB 2010', 355, 994, '355.mp3', 0),
(617, 56, 'Slotlied 2007', 356, 619, '356.mp3', 0),
(618, 56, 'Track 18', 357, 629, '357.mp3', 0),
(619, 57, 'Meneer de Rector', 114, 3915, '114.mp3', 0),
(620, 57, 'Opperpot', 116, 1550, '116.mp3', 0),
(621, 57, 'Uffenlied', 120, 3797, '120.mp3', 0),
(622, 57, 'Onanielied', 122, 1101, '122.mp3', 0),
(623, 57, 'PHrM', 166, 6063, '166.mp3', 0),
(624, 57, 'Woolied', 167, 2232, '167.mp3', 0),
(625, 57, 'Utrechtlied', 168, 1318, '168.mp3', 0),
(626, 57, 'Knor-Lid', 169, 1330, '169.mp3', 0),
(627, 57, 'Desiree entre-act', 170, 662, '170.mp3', 0),
(628, 57, 'Buffetbuffellied', 172, 1013, '172.mp3', 0),
(629, 57, 'Blaat entre-act', 174, 1664, '174.mp3', 0),
(630, 57, 'Membre de Septembre', 176, 2714, '176.mp3', 0),
(631, 57, 'Utrechtlied 2', 177, 1463, '177.mp3', 0),
(632, 57, 'Knorrenlied', 178, 2141, '178.mp3', 0),
(633, 58, 'UB-lied \'94', 13, 3842, '13.mp3', 0),
(634, 58, 'Corpsbal Van Formaat \'74 (Bad Bad Leroy Brown)', 439, 2074, '439.mp3', 0),
(635, 58, 'Eligie \'67 (Mon Coeur S\'attache)', 440, 633, '440.mp3', 0),
(636, 58, 'Floris-Jan \'98 (I Get Knocked Down)', 441, 944, '441.mp3', 0),
(637, 58, 'HIV-lied \'96 (Margerita)', 442, 758, '442.mp3', 0),
(638, 58, 'Knorrenlied \'94 (Livin\' In America)', 443, 693, '443.mp3', 0),
(639, 58, 'Knorrenlied \'97 (Wonderwall)', 444, 1235, '444.mp3', 0),
(640, 58, 'Linten Van Mijn Vader \'98 (Het Dorp)', 445, 2066, '445.mp3', 0),
(641, 58, 'Lustrumlied \'98', 446, 592, '446.mp3', 0),
(642, 58, 'Saddam \'90 (King Herods Song)', 447, 519, '447.mp3', 0),
(643, 58, 'Taxi-Entre Act \'92 (Boer Harms)', 448, 561, '448.mp3', 0),
(644, 58, 'Texellied \'93 (Tunderstruck)', 449, 653, '449.mp3', 0),
(645, 58, 'Trees \'73 (Testament)', 450, 649, '450.mp3', 0),
(646, 58, 'Turf-Entre Act \'95 (Jan Klaassen)', 451, 756, '451.mp3', 0),
(647, 58, 'Uffenlied \'97 (I Wish)', 452, 864, '452.mp3', 0),
(648, 58, 'Utrechtlied \'73 (Les Mignons)', 453, 935, '453.mp3', 0),
(649, 58, 'Utrechtlied \'90 (Amsterdam)', 454, 1397, '454.mp3', 0),
(650, 58, 'Woo-Lied \'75 (Piu Non Si Trovano)', 455, 692, '455.mp3', 0),
(651, 59, '12 Dagen', 678, 5005, '678.mp3', 0),
(652, 59, 'Het Geele Huysch', 679, 4780, '679.mp3', 0),
(653, 59, 'Ithacase Gronden', 680, 7144, '680.mp3', 0),
(654, 60, 'Jaar Zonder Lustrumlustrum', 1045, 316, '1045.mp3', 0),
(655, 60, '1', 424, 681, '424.mp3', 0),
(656, 60, '100 jaar lied', 425, 782, '425.mp3', 0),
(657, 60, 'Blok 2005 lied', 426, 378, '426.mp3', 0),
(658, 60, 'Justus', 427, 1531, '427.mp3', 0),
(659, 60, 'Licht 2004', 428, 482, '428.mp3', 0),
(660, 60, 'Liefdeslied', 429, 2623, '429.mp3', 0),
(661, 60, 'Liefdesverdrietlied', 430, 1475, '430.mp3', 0),
(662, 60, 'Openingslied', 431, 547, '431.mp3', 0),
(663, 60, 'Slettenlied', 432, 3864, '432.mp3', 0),
(664, 60, 'Theelied', 433, 1355, '433.mp3', 0),
(665, 60, 'Zin 06', 434, 532, '434.mp3', 0),
(666, 60, 'Hestia Lustrumlied', 985, 2245, '985.mp3', 0),
(667, 60, '3Daylied 2016', 996, 3340, '996.mp3', 0),
(668, 61, '01 - Almanaklied', 940, 243, '940.mp3', 0),
(669, 61, '02 - Openingslied', 941, 251, '941.mp3', 0),
(670, 61, '03 - Prefablied', 942, 484, '942.mp3', 0),
(671, 61, '04 - Blote tietenlied', 943, 768, '943.mp3', 0),
(672, 61, '05 - Studielied', 944, 289, '944.mp3', 0),
(673, 61, '06 - 21-dinerlied', 945, 443, '945.mp3', 0),
(674, 61, '07 - Langstudeerlied', 946, 240, '946.mp3', 0),
(675, 61, '08 - Liefdeslied', 947, 292, '947.mp3', 0),
(676, 61, '09 - Utrechtlied', 948, 283, '948.mp3', 0),
(677, 61, '10 - Spijtknorrenlied', 949, 1160, '949.mp3', 0),
(678, 61, '11 - Clublied', 950, 191, '950.mp3', 0),
(679, 61, '12 - Frustenlied', 951, 241, '951.mp3', 0),
(680, 61, '13 - Dranklied', 952, 220, '952.mp3', 0),
(681, 61, '14 - HJ lied', 953, 699, '953.mp3', 0),
(682, 61, '15 - Utrechter zijn', 954, 405, '954.mp3', 0),
(683, 61, '16 - Slotlied', 955, 355, '955.mp3', 0),
(684, 62, '01 - Openingslied', 956, 257, '956.mp3', 0),
(685, 62, '02 - Het zwoele zuiplied', 957, 319, '957.mp3', 0),
(686, 62, '03 - Huischpandalied', 958, 2547, '958.mp3', 0),
(687, 62, '04 - Utrechtlied', 959, 435, '959.mp3', 0),
(688, 62, '05 - Liefdeslied', 960, 889, '960.mp3', 0),
(689, 62, '06 - Gerulied', 961, 348, '961.mp3', 0),
(690, 62, '07 - Piemelfobielied', 962, 1359, '962.mp3', 0),
(691, 62, '08 - Bieblied', 963, 333, '963.mp3', 0),
(692, 62, '09 - Muurbloempjeslied', 964, 542, '964.mp3', 0),
(693, 62, '10 - Lustrumlied', 965, 204, '965.mp3', 0),
(694, 62, '11 - Carrieretijgerlied', 966, 436, '966.mp3', 0),
(695, 62, '12 - Yololied', 967, 239, '967.mp3', 0),
(696, 62, '13 - Blaatlied', 968, 876, '968.mp3', 0),
(697, 62, '14 - Slotlied', 969, 148, '969.mp3', 0),
(698, 63, '01 Openingslied 14', 970, 1039, '970.mp3', 0),
(699, 63, '02 Superfood', 971, 421, '971.mp3', 0),
(700, 63, '03 Telefoonlied', 972, 429, '972.mp3', 0),
(701, 63, '04 HJ lied', 973, 2822, '973.mp3', 0),
(702, 63, '05 Utrechtlied 14', 974, 1107, '974.mp3', 0),
(703, 63, '06 Liefdeslied 14', 975, 6178, '975.mp3', 0),
(704, 63, '07 Novitiaatslied', 976, 822, '976.mp3', 0),
(705, 63, '08 Dranklied 14', 977, 723, '977.mp3', 0),
(706, 63, '09 Stufi lied', 978, 473, '978.mp3', 0),
(707, 63, '10 MaDo lied', 979, 2058, '979.mp3', 0),
(708, 63, '11 Hestialied', 980, 692, '980.mp3', 0),
(709, 63, '12 Septemberlied', 981, 745, '981.mp3', 0),
(710, 63, '13 Mannen van het USC', 982, 7446, '982.mp3', 0),
(711, 63, '14 Va voor de leden', 983, 1284, '983.mp3', 0),
(712, 63, '15 Slotlied 14', 984, 962, '984.mp3', 0),
(713, 64, '01 Openingslied', 1006, 424, '1006.mp3', 0),
(714, 64, '02 HO-lied', 1007, 886, '1007.mp3', 0),
(715, 64, '03 De ware uf', 1008, 1012, '1008.mp3', 0),
(716, 64, '04 Utrechtlied', 1009, 689, '1009.mp3', 0),
(717, 64, '05 Liefdeslied', 1010, 1116, '1010.mp3', 0),
(718, 64, '06 Studielied', 1011, 383, '1011.mp3', 0),
(719, 64, '07 Dranklied', 1012, 411, '1012.mp3', 0),
(720, 64, '08 Awkward turtle', 1013, 619, '1013.mp3', 0),
(721, 64, '09 Geforceerd dranklied', 1014, 932, '1014.mp3', 0),
(722, 64, '10 Wij zijn de leden', 1015, 940, '1015.mp3', 0),
(723, 64, '11 Clublevenlied', 1016, 312, '1016.mp3', 0),
(724, 64, '12 Midlidcrisis', 1017, 2790, '1017.mp3', 0),
(725, 64, '13 Mijn vriendin is lid', 1018, 2539, '1018.mp3', 0),
(726, 64, '14 Anticlimaxlied', 1019, 863, '1019.mp3', 0),
(727, 64, '15 Slotlied', 1020, 431, '1020.mp3', 0),
(728, 64, '16 Hestialustrumlied', 1021, 381, '1021.mp3', 0),
(729, 65, 'Afkolied', 1028, 1153, '1028.mp3', 0),
(730, 65, 'Bubbellied', 1029, 682, '1029.mp3', 0),
(731, 65, 'Dateregellied', 1030, 980, '1030.mp3', 0),
(732, 65, 'Desperatelied', 1031, 814, '1031.mp3', 0),
(733, 65, 'Dranklied', 1032, 833, '1032.mp3', 0),
(734, 65, 'Jaarclubvormlied', 1033, 1023, '1033.mp3', 0),
(735, 65, 'Liefdeslied', 1034, 1904, '1034.mp3', 0),
(736, 65, 'Lustrum', 1035, 356, '1035.mp3', 0),
(737, 65, 'Naborrellied', 1036, 1515, '1036.mp3', 0),
(738, 65, 'Openingslied', 1037, 596, '1037.mp3', 0),
(739, 65, 'Seksobjectlied', 1038, 2970, '1038.mp3', 0),
(740, 65, 'Slotlied', 1039, 653, '1039.mp3', 0),
(741, 65, 'Snapchatlied', 1040, 1167, '1040.mp3', 0),
(742, 65, 'Teleurstrum', 1041, 1980, '1041.mp3', 0),
(743, 65, 'Utrecht onze Haven', 1042, 642, '1042.mp3', 0),
(744, 65, 'Utrechtlied', 1043, 1243, '1043.mp3', 0),
(745, 65, 'Veerkracht', 1044, 279, '1044.mp3', 0),
(746, 66, 'Boekelman', 766, 2098, '766.mp3', 0),
(747, 66, 'Cant Take My Eyes', 767, 1382, '767.mp3', 0),
(748, 66, 'Carry On', 768, 834, '768.mp3', 0),
(749, 66, 'Date Stress', 769, 4014, '769.mp3', 0),
(750, 66, 'Edit - Chardonnay', 770, 3491, '770.mp3', 0),
(751, 66, 'Jessie J', 771, 1631, '771.mp3', 0),
(752, 66, 'Spectrum', 772, 6687, '772.mp3', 0),
(753, 66, 'Worlds Greatest', 773, 5441, '773.mp3', 0),
(754, 67, 'Almabrak - Almanakuitreiking 2017', 1047, 580, '1047.mp3', 0),
(755, 67, 'Knor van het Wsc', 1108, 367, '1108.mp3', 0),
(756, 67, 'Forsche Schaapen - Fors Geschapen', 435, 1310, '435.mp3', 0),
(757, 67, 'Funked Up - De beat van het bestaan', 436, 827, '436.mp3', 0),
(758, 67, 'Lekker Belangrijk! - Het maakt niet uit!', 437, 1071, '437.mp3', 0),
(759, 67, 'Daten is Weten icsf 2014', 858, 1078, '858.mp3', 0),
(760, 67, 'De Omsmijters - Mooie Bruine Anjer', 986, 456, '986.mp3', 0),
(761, 68, '01 THEME SONG', 526, 869, '526.mp3', 0),
(762, 68, '02 LUSTRUMLIED ALLICHT', 527, 1167, '527.mp3', 0),
(763, 68, '03 SJONGSTE LIED', 528, 2108, '528.mp3', 0),
(764, 68, '04 TOEN IK WERD GEVRAAGD', 529, 1510, '529.mp3', 0),
(765, 68, '05 MIJN MEESTERLIJKE RIT', 530, 974, '530.mp3', 0),
(766, 68, '06 PLUISJE', 531, 3198, '531.mp3', 0),
(767, 68, '07 HARDER DAN IK HARKEN KAN', 532, 1482, '532.mp3', 0),
(768, 68, '08 DINSDAGOCHTEND BRAKHEID', 533, 1576, '533.mp3', 0),
(769, 68, '09 DEZE IS VAN MIJ', 534, 1414, '534.mp3', 0),
(770, 68, '10 VOOR DE GODINNE', 535, 711, '535.mp3', 0),
(771, 68, '11 IK HOU VAN ...', 536, 1360, '536.mp3', 0),
(772, 68, '12 ALLICHT, DAT IK VOOR JE ZWICHT', 537, 1027, '537.mp3', 0),
(773, 68, '13 SPIJT KNOR', 538, 1527, '538.mp3', 0),
(774, 68, '14 HET MAAKT NIET UIT', 539, 644, '539.mp3', 0),
(775, 68, '15 DE BEAT VAN HET BESTAAN', 540, 765, '540.mp3', 0),
(776, 68, 'Forsche Schaapen - Fors Gescha', 541, 571, '541.mp3', 0),
(777, 69, 'Harken Gast', 849, 1592, '849.mp3', 0),
(778, 69, 'Leerproces', 850, 1789, '850.mp3', 0),
(779, 69, 'Mijn Maatje deel 1', 851, 1070, '851.mp3', 0),
(780, 69, 'Mijn Maatje deel 2', 852, 1163, '852.mp3', 0),
(781, 69, 'Theemutscomplex', 853, 1849, '853.mp3', 0),
(782, 69, 'Verliefd Op Mijn Ploegbaas', 854, 1606, '854.mp3', 0),
(783, 69, 'Vinexwijk', 855, 1740, '855.mp3', 0),
(784, 69, 'Als We Strakjes Lid Zijn', 990, 512, '990.mp3', 0),
(785, 69, 'Busjesweek', 991, 457, '991.mp3', 0),
(786, 69, 'Clubkan Bier', 992, 581, '992.mp3', 0),
(787, 69, 'Felliscofoutje', 993, 580, '993.mp3', 0),
(788, 69, 'Ik Ben Zo Kaal', 994, 1000, '994.mp3', 0),
(789, 69, 'Prominent Zijn Is Een Keuze', 995, 1396, '995.mp3', 0),
(790, 73, 'De Stad Van', NULL, 1, 'DeStadVan.mp3', 0),
(791, 73, 'Leen', NULL, 1, 'Leen.mp3', 0),
(792, 73, 'Lustrum Oh Na Na', NULL, 1, 'LustrumOhNaNa.mp3', 0),
(793, 73, 'Mosselvangst', NULL, 1, 'Mosselvangst.mp3', 0),
(794, 73, 'Val Omhoog', NULL, 1, 'ValOmhoog.mp3', 0),
(795, 73, 'Vier De Dimensie', NULL, 1, 'VierDeDimensie.mp3', 0),
(796, 73, 'Virgiel Is On Fire', NULL, 2, 'VirgielIsOnFire.mp3', 0),
(797, 73, 'Heilige Barbara', NULL, 1, 'HeiligeBarbara.mp3', 0),
(798, 73, 'Babies', NULL, 3, 'Babies.mp3', 0),
(799, 73, 'Graaf Pils', NULL, 10, 'GraafPils.mp3', 0),
(800, 74, 'Brakheid', NULL, 1, 'Brakheid.mp3', 0),
(801, 74, 'Corpstijger', NULL, 1, 'Corpstijger.mp3', 0),
(802, 74, 'Fomo', NULL, 1, 'Fomo.mp3', 0),
(803, 74, 'Hifimagie', NULL, 1, 'Hifimagie.mp3', 0),
(804, 74, 'Noortje & De Augustijn', NULL, 11, 'NoortjeEnDeAugustijn.mp3', 0),
(805, 74, 'Piemellied', NULL, NULL, 'Piemellied.mp3', 0),
(806, 74, 'Prefab', NULL, NULL, 'Prefab.mp3', 0),
(807, 74, 'Raprap', NULL, NULL, 'Raprap.mp3', 0),
(808, 74, 'Zaalleven', NULL, NULL, 'Zaalleven.mp3', 0),
(821, 70, 'Als De Lorre Is Geopend', NULL, 1, 'AlsDeLorreIsGeopend.mp3', 0),
(822, 70, 'Club Twee', NULL, NULL, 'ClubTwee.mp3', 0),
(823, 70, 'De Roco', NULL, 1, 'DeRoco.mp3', 0),
(824, 70, 'Emf', NULL, NULL, 'Emf.mp3', 0),
(825, 70, 'HJ', NULL, 1, 'HJ.mp3', 0),
(826, 70, 'Hoer', NULL, 1, 'Hoer.mp3', 0),
(827, 70, 'Ik Zou Je Doen', NULL, NULL, 'IkZouJeDoen.mp3', 0),
(828, 70, 'Ja Ja Adt Erin', NULL, 3, 'JaJaAdtErin.mp3', 0),
(829, 70, 'Je Zit Hier Nu Met Club Twee', NULL, NULL, 'JeZitHierNuMetClubTwee.mp3', 0),
(830, 70, 'Kom Pak Je Kleren Maar', NULL, NULL, 'KomPakJeKlerenMaar.mp3', 0),
(831, 70, 'Lager Pils', NULL, 2, 'LagerPils.mp3', 0),
(832, 70, 'Spring Break', NULL, 1, 'SpringBreak.mp3', 0),
(833, 70, 'Vroeg Naar Huis', NULL, 1, 'VroegNaarHuis.mp3', 0),
(834, 70, 'Waanzinnige Lul', NULL, 1, 'WaanzinnigeLul.mp3', 0),
(835, 70, 'Waar Kan Ik Heen', NULL, 1, 'WaarKanIkHeen.mp3', 0),
(836, 70, 'Witte Week', NULL, 1, 'WitteWeek.mp3', 0),
(837, 70, 'Zeven Koude Bieren Vouwen', NULL, 2, 'ZevenKoudeBierenVouwen.mp3', 0),
(838, 70, 'Zoute Handen', NULL, 2, 'ZouteHanden.mp3', 0),
(839, 77, 'Als je elite bent - Sofian en de beestjes', NULL, 1, 'Als_je_elite_bent_-_Sofian_en_de_beestjes.mp3', 0),
(840, 77, 'Al & The Pros - Lustrum Jaar', NULL, NULL, 'Al_The_Pros_-_Lustrum_Jaar.mp3', 0),
(841, 77, 'Altijd wakker met een corpspik - Esther', NULL, NULL, 'Altijd_wakker_met_een_corpspik_-_Esther.mp3', 0),
(842, 77, 'AZB (Anaal zonder bekken) - Lucie', NULL, NULL, 'AZB_(Anaal_zonder_bekken)_-_Lucie.mp3', 0),
(843, 77, 'Corpora bestaan niet - Peter en Hidde', NULL, NULL, 'Corpora_bestaan_niet_-_Peter_en_Hidde.mp3', 0),
(844, 77, 'Delfts Blauwe Ballen - Cabaret', NULL, NULL, 'Delfts_Blauwe_Ballen_-_Cabaret.mp3', 0),
(845, 77, 'Een Lustrumjaar - DB 115', NULL, NULL, 'Een_Lustrumjaar_-_DB_115.mp3', 0),
(846, 77, 'Flugeldoos - Joyride and the Woodpeckers', NULL, NULL, 'Flugeldoos_-_Joyride_and_the_Woodpeckers.mp3', 0),
(847, 77, 'Hallo toko - Thomas en Antoon', NULL, NULL, 'Hallo_toko_-_Thomas_en_Antoon.mp3', 0),
(848, 77, 'Het hooplied - Hilde en Lisa', NULL, NULL, 'Het_hooplied_-_Hilde_en_Lisa.mp3', 0),
(849, 77, 'Het Jojolied - Lucie', NULL, NULL, 'Het_Jojolied_-_Lucie.mp3', 0),
(850, 77, 'Het terrein part 1 - TP', NULL, NULL, 'Het_terrein_part_1_-_TP.mp3', 0),
(851, 77, 'Het terrein part 2 - TP', NULL, NULL, 'Het_terrein_part_2_-_TP.mp3', 0),
(852, 77, 'HJ het komt wel goed - Mark en Erik', NULL, NULL, 'HJ_het_komt_wel_goed_-_Mark_en_Erik.mp3', 0),
(853, 77, 'Ik ben een knor - Jelle en Maarten', NULL, 3, 'Ik_ben_een_knor_-_Jelle_en_Maarten.mp3', 0),
(854, 77, 'Ik ben een paap - De diefjes', NULL, 1, 'Ik_ben_een_paap_-_De_diefjes.mp3', 0),
(855, 77, 'Ik kan me niet concentreren - Jorrit', NULL, NULL, 'Ik_kan_me_niet_concentreren_-_Jorrit.mp3', 0),
(856, 77, 'Kak Ik Ben Brak - Joyride and the Woodpeckers', NULL, NULL, 'Kak_Ik_Ben_Brak_-_Joyride_and_the_Woodpeckers.mp3', 0),
(857, 77, 'Lekker prominent - Stuka', NULL, NULL, 'Lekker_prominent_-_Stuka.mp3', 0),
(858, 77, 'Lustrum and I know it - Peter en Hidde', NULL, NULL, 'Lustrum_and_I_know_it_-_Peter_en_Hidde.mp3', 0),
(859, 77, 'Sanden en Swier - Prominent', NULL, NULL, 'Sanden_en_Swier_-_Prominent.mp3', 0),
(860, 77, 'Stuko Bazen Beat - Skapabel', NULL, NULL, 'Stuko_Bazen_Beat_-_Skapabel.mp3', 0),
(861, 77, 'Verlichtend Lustrum - Marjolijn en Roeland', NULL, NULL, 'Verlichtend_Lustrum_-_Marjolijn_en_Roeland.mp3', 0),
(862, 77, 'Verticales klussen - TP', NULL, NULL, 'Verticales_klussen_-_TP.mp3', 0),
(863, 77, 'Voel De Impuls - Joyride and the Woodpeckers', NULL, 1, 'Voel_De_Impuls_-_Joyride_and_the_Woodpeckers.mp3', 0),
(864, 72, 'Owee 2015 Zou ik doen', NULL, 1, 'Virgiel-Owee-2015-Zou-ik-doen.mp3', 0),
(865, 72, 'Delluff Satelliet', NULL, 4, 'VIRGIEL-Delluff-Satelliet.mp3', 0);

--
-- Indexes for dumped tables
--

--
-- Indexes for table `category`
--
ALTER TABLE `category`
  ADD PRIMARY KEY (`id`),
  ADD KEY `IDX_64C19C1727ACA70` (`parent_id`);

--
-- Indexes for table `migration_versions`
--
ALTER TABLE `migration_versions`
  ADD PRIMARY KEY (`version`);

--
-- Indexes for table `song`
--
ALTER TABLE `song`
  ADD PRIMARY KEY (`id`),
  ADD KEY `IDX_33EDEEA112469DE2` (`category_id`);

--
-- AUTO_INCREMENT for dumped tables
--

--
-- AUTO_INCREMENT for table `category`
--
ALTER TABLE `category`
  MODIFY `id` int(11) NOT NULL AUTO_INCREMENT, AUTO_INCREMENT=78;
--
-- AUTO_INCREMENT for table `song`
--
ALTER TABLE `song`
  MODIFY `id` int(11) NOT NULL AUTO_INCREMENT, AUTO_INCREMENT=866;
--
-- Constraints for dumped tables
--

--
-- Constraints for table `category`
--
ALTER TABLE `category`
  ADD CONSTRAINT `FK_64C19C1727ACA70` FOREIGN KEY (`parent_id`) REFERENCES `category` (`id`);

--
-- Constraints for table `song`
--
ALTER TABLE `song`
  ADD CONSTRAINT `FK_33EDEEA112469DE2` FOREIGN KEY (`category_id`) REFERENCES `category` (`id`);

/*!40101 SET CHARACTER_SET_CLIENT=@OLD_CHARACTER_SET_CLIENT */;
/*!40101 SET CHARACTER_SET_RESULTS=@OLD_CHARACTER_SET_RESULTS */;
/*!40101 SET COLLATION_CONNECTION=@OLD_COLLATION_CONNECTION */;
